keyword,checking_date
bilspil,2022-01-25 13-20-43
bilauktionpoliti,2022-01-25 13-20-43
wvbil,2022-01-25 13-20-47
bilkort,2022-01-25 13-20-48
bilogco,2022-01-25 13-20-48
bedstebrugtebil2021,2022-01-25 13-20-51
lejningafbil,2022-01-25 13-20-52
olsenbandenbil,2022-01-25 13-20-52
fribilbeskatning,2022-01-25 13-20-57
sporingafbilpris,2022-01-25 13-20-58
tjekbildk,2022-01-25 13-20-58
leasingafbilbillig,2022-01-25 13-21-01
korttidsleasingbil,2022-01-25 13-21-01
brianbil,2022-01-25 13-21-02
brintbil,2022-01-25 13-21-08
bilnyheder,2022-01-25 13-21-08
rustbeskyttelsebil,2022-01-25 13-21-09
konfiskeringafbil,2022-01-25 13-21-12
tabletholdertilbil,2022-01-25 13-21-13
stelnummerbil,2022-01-25 13-21-13
billigsteleasingbil2020,2022-01-25 13-21-14
mcqueenbil,2022-01-25 13-21-18
biltjek,2022-01-25 13-21-18
ledlystilbil,2022-01-25 13-21-19
registreringsnummerbil,2022-01-25 13-21-22
polestarbil,2022-01-25 13-21-22
streamertilbil,2022-01-25 13-21-22
skrotbil,2022-01-25 13-21-24
hvadkosterdetathavebil,2022-01-25 13-21-25
billigforsikringbil,2022-01-25 13-21-29
importafbil,2022-01-25 13-21-29
nedvejningafbil,2022-01-25 13-21-30
hundegittertilbil,2022-01-25 13-21-31
forsikringafbil,2022-01-25 13-21-32
ledlystilbil,2022-01-25 13-21-32
ansvarsforsikringbilpris,2022-01-25 13-21-32
biludenudbetaling,2022-01-25 13-21-34
mpvbil,2022-01-25 13-21-34
kaybojesenbil,2022-01-25 13-21-38
mini-leasebil,2022-01-25 13-21-38
navigationtilbil,2022-01-25 13-21-39
elladertilbil,2022-01-25 13-21-40
mestsolgtebil2020,2022-01-25 13-21-40
epcbil,2022-01-25 13-21-41
ruteplannerbil,2022-01-25 13-21-41
boostertilbil,2022-01-25 13-21-42
billigbiltilsalg,2022-01-25 13-21-43
politibil,2022-01-25 13-21-45
folieringafbil,2022-01-25 13-21-45
tagtelttilbil,2022-01-25 13-21-47
bilaktion,2022-01-25 13-21-47
synsrapportbil,2022-01-25 13-21-48
teslabil,2022-01-25 13-21-48
bilnummerplade,2022-01-25 13-21-49
indregistreringafbil,2022-01-25 13-21-50
kaskoforsikringbil,2022-01-25 13-21-51
bilmagasinet,2022-01-25 13-21-51
billigbilleasing,2022-01-25 13-21-54
leasingbilerhverv,2022-01-25 13-21-55
gpstrackerbil,2022-01-25 13-21-56
billigbilforsikring,2022-01-25 13-21-57
udlejningafbil,2022-01-25 13-21-57
billigsteleasingbil2021,2022-01-25 13-21-57
leasingafbrugtbiludenudbetaling,2022-01-25 13-21-58
legotechnicbil,2022-01-25 13-21-58
automatgearbil,2022-01-25 13-21-59
bilfinansiering,2022-01-25 13-22-02
hvilkenoliebrugerminbil,2022-01-25 13-22-02
lejenbilforendag,2022-01-25 13-22-02
nybiludenudbetaling,2022-01-25 13-22-04
findejerafbil,2022-01-25 13-22-06
verdensgrimmestebil,2022-01-25 13-22-06
bilmedautomatgear,2022-01-25 13-22-06
ifforsikringbil,2022-01-25 13-22-07
amerikanerbil,2022-01-25 13-22-07
billigleasingafbil,2022-01-25 13-22-07
brugtbilranders,2022-01-25 13-22-08
skrotpriserbil,2022-01-25 13-22-09
subwoofertilbil,2022-01-25 13-22-11
aktivsubwooferbil,2022-01-25 13-22-12
upbil,2022-01-25 13-22-13
leasingafbilerhverv,2022-01-25 13-22-14
hundeburtilbilbiltema,2022-01-25 13-22-15
findbil,2022-01-25 13-22-15
kameratilbil,2022-01-25 13-22-15
brugthybridbil,2022-01-25 13-22-16
hundeburetilbil,2022-01-25 13-22-16
telttilbil,2022-01-25 13-22-17
beregneforsikringbil,2022-01-25 13-22-17
brugtbilforhandler,2022-01-25 13-22-18
lifttilbil,2022-01-25 13-22-20
airconditionbil,2022-01-25 13-22-21
salgafbilprivat,2022-01-25 13-22-21
danmarksbilligstebil,2022-01-25 13-22-23
hunderampetilbil,2022-01-25 13-22-24
synbil,2022-01-25 13-22-24
batteriertilbil,2022-01-25 13-22-24
vwbil,2022-01-25 13-22-25
plug-inhybridbil,2022-01-25 13-22-25
finansieringbil,2022-01-25 13-22-25
bilregistrering,2022-01-25 13-22-25
tinglysningbil,2022-01-25 13-22-27
dashcamtilbil,2022-01-25 13-22-28
dibabil,2022-01-25 13-22-29
dufttilbil,2022-01-25 13-22-30
legobil,2022-01-25 13-22-32
serviceaftalebil,2022-01-25 13-22-32
lexusbil,2022-01-25 13-22-33
bildba,2022-01-25 13-22-34
bobbelbil,2022-01-25 13-22-34
bilpleje,2022-01-25 13-22-35
fjernstyretbilbenzin,2022-01-25 13-22-35
bilstyling,2022-01-25 13-22-35
chiptuningafbil,2022-01-25 13-22-36
leaseenbil,2022-01-25 13-22-38
ladabil,2022-01-25 13-22-38
kopholdertilbil,2022-01-25 13-22-39
brugtbilmedautomatgear,2022-01-25 13-22-41
cykelholderbil,2022-01-25 13-22-41
hjemisbil,2022-01-25 13-22-42
bilvurdering,2022-01-25 13-22-42
formel1bil,2022-01-25 13-22-44
releasingbil,2022-01-25 13-22-44
bedstemobilholdertilbil,2022-01-25 13-22-44
airconditionerbil,2022-01-25 13-22-45
nummeroplysningenbil,2022-01-25 13-22-45
advarselslamperbil,2022-01-25 13-22-47
leasingbilprivat,2022-01-25 13-22-48
billigsteleasingbil,2022-01-25 13-22-48
streamerstilbil,2022-01-25 13-22-50
bilservice,2022-01-25 13-22-51
bilinfo,2022-01-25 13-22-51
cobrabil,2022-01-25 13-22-53
gammelbil,2022-01-25 13-22-53
hvordanomregistrerermanenbil,2022-01-25 13-22-54
korttidsleasingbrugtbil,2022-01-25 13-22-54
advarselslamperbilsymboler,2022-01-25 13-22-55
bildele,2022-01-25 13-22-56
elektriskbil,2022-01-25 13-22-57
bilbasenbrugtbil,2022-01-25 13-22-57
bilbank,2022-01-25 13-22-57
opladertilbil,2022-01-25 13-22-58
bluetoothtilbil,2022-01-25 13-23-00
servicebil,2022-01-25 13-23-01
mobilholderbil,2022-01-25 13-23-01
lillebilmedautomatgear,2022-01-25 13-23-02
erhvervsleasingbil,2022-01-25 13-23-03
stabil,2022-01-25 13-23-05
vwbrugtbil,2022-01-25 13-23-05
trygforsikringbil,2022-01-25 13-23-06
siddepudebil,2022-01-25 13-23-06
bilfolie,2022-01-25 13-23-09
pawpatrolbil,2022-01-25 13-23-09
bilpolering,2022-01-25 13-23-09
ringstedbilauktion,2022-01-25 13-23-10
billigsteforsikringbil,2022-01-25 13-23-11
ladbil,2022-01-25 13-23-12
morganbil,2022-01-25 13-23-12
ruteplanbil,2022-01-25 13-23-15
bilvask,2022-01-25 13-23-15
coatingafbil,2022-01-25 13-23-17
oliefyrtilbil,2022-01-25 13-23-17
omregistreringafbilpris,2022-01-25 13-23-18
polobil,2022-01-25 13-23-20
billigstebil,2022-01-25 13-23-22
brugtbilvejle,2022-01-25 13-23-22
fribil,2022-01-25 13-23-23
lynetmcqueenbil,2022-01-25 13-23-26
turanbil,2022-01-25 13-23-28
blocketsebil,2022-01-25 13-23-28
vodskovbil,2022-01-25 13-23-33